{
  "roc_auc": 0.9112659225935796,
  "average_precision": 0.07494466665063568,
  "classification_report": {
    "0": {
      "precision": 0.9997820044689084,
      "recall": 0.7849135717953106,
      "f1-score": 0.8794132451283526,
      "support": 23372.0
    },
    "1": {
      "precision": 0.010238235873203386,
      "recall": 0.9285714285714286,
      "f1-score": 0.020253164556962026,
      "support": 56.0
    },
    "accuracy": 0.7852569574867679,
    "macro avg": {
      "precision": 0.505010120171056,
      "recall": 0.8567425001833696,
      "f1-score": 0.4498332048426573,
      "support": 23428.0
    },
    "weighted avg": {
      "precision": 0.9974166958193711,
      "recall": 0.7852569574867679,
      "f1-score": 0.877359592895469,
      "support": 23428.0
    }
  },
  "confusion_matrix": [
    [
      18345,
      5027
    ],
    [
      4,
      52
    ]
  ]
}