{
  "roc_auc": 0.8383622498771877,
  "average_precision": 0.09820609872037027,
  "classification_report": {
    "0": {
      "precision": 0.9980382998598786,
      "recall": 0.6940817254596245,
      "f1-score": 0.8187600582420109,
      "support": 15393.0
    },
    "1": {
      "precision": 0.014234875444839857,
      "recall": 0.7640449438202247,
      "f1-score": 0.02794903411426223,
      "support": 89.0
    },
    "accuracy": 0.6944839168066141,
    "macro avg": {
      "precision": 0.5061365876523592,
      "recall": 0.7290633346399247,
      "f1-score": 0.42335454617813656,
      "support": 15482.0
    },
    "weighted avg": {
      "precision": 0.9923827963866233,
      "recall": 0.6944839168066141,
      "f1-score": 0.8142139930600337,
      "support": 15482.0
    }
  },
  "confusion_matrix": [
    [
      10684,
      4709
    ],
    [
      21,
      68
    ]
  ]
}