{
  "roc_auc": 0.9965327977705235,
  "average_precision": 0.8609856679065392,
  "classification_report": {
    "0": {
      "precision": 0.9991778006166495,
      "recall": 0.9858040965321436,
      "f1-score": 0.9924458962841977,
      "support": 4931.0
    },
    "1": {
      "precision": 0.453125,
      "recall": 0.9354838709677419,
      "f1-score": 0.6105263157894737,
      "support": 62.0
    },
    "accuracy": 0.9851792509513319,
    "macro avg": {
      "precision": 0.7261514003083247,
      "recall": 0.9606439837499428,
      "f1-score": 0.8014861060368357,
      "support": 4993.0
    },
    "weighted avg": {
      "precision": 0.9923972531225113,
      "recall": 0.9851792509513319,
      "f1-score": 0.987703454066959,
      "support": 4993.0
    }
  },
  "confusion_matrix": [
    [
      4861,
      70
    ],
    [
      4,
      58
    ]
  ]
}