{
  "roc_auc": 0.8998773050413194,
  "average_precision": 0.17204935925366094,
  "classification_report": {
    "0": {
      "precision": 0.9995164410058027,
      "recall": 0.6713218577460215,
      "f1-score": 0.8031863221293958,
      "support": 3079.0
    },
    "1": {
      "precision": 0.01652089407191448,
      "recall": 0.9444444444444444,
      "f1-score": 0.03247373447946514,
      "support": 18.0
    },
    "accuracy": 0.6729092670326122,
    "macro avg": {
      "precision": 0.5080186675388586,
      "recall": 0.8078831510952329,
      "f1-score": 0.41783002830443045,
      "support": 3097.0
    },
    "weighted avg": {
      "precision": 0.9938031959800327,
      "recall": 0.6729092670326122,
      "f1-score": 0.798706881839535,
      "support": 3097.0
    }
  },
  "confusion_matrix": [
    [
      2067,
      1012
    ],
    [
      1,
      17
    ]
  ]
}