{
  "roc_auc": 0.787173434298532,
  "average_precision": 0.2512181196047922,
  "classification_report": {
    "0": {
      "precision": 0.9950213371266002,
      "recall": 0.9997401416228155,
      "f1-score": 0.9973751579766033,
      "support": 15393.0
    },
    "1": {
      "precision": 0.75,
      "recall": 0.1348314606741573,
      "f1-score": 0.22857142857142856,
      "support": 89.0
    },
    "accuracy": 0.9947681178142359,
    "macro avg": {
      "precision": 0.8725106685633002,
      "recall": 0.5672858011484865,
      "f1-score": 0.612973293274016,
      "support": 15482.0
    },
    "weighted avg": {
      "precision": 0.9936128047015732,
      "recall": 0.9947681178142359,
      "f1-score": 0.9929556041775425,
      "support": 15482.0
    }
  },
  "confusion_matrix": [
    [
      15389,
      4
    ],
    [
      77,
      12
    ]
  ]
}