{
  "roc_auc": 0.9969596561582091,
  "average_precision": 0.9051267693059,
  "classification_report": {
    "0": {
      "precision": 0.9971677119158406,
      "recall": 0.9995944027580612,
      "f1-score": 0.9983795827425562,
      "support": 4931.0
    },
    "1": {
      "precision": 0.96,
      "recall": 0.7741935483870968,
      "f1-score": 0.8571428571428571,
      "support": 62.0
    },
    "accuracy": 0.9967955137192069,
    "macro avg": {
      "precision": 0.9785838559579203,
      "recall": 0.886893975572579,
      "f1-score": 0.9277612199427067,
      "support": 4993.0
    },
    "weighted avg": {
      "precision": 0.9967061861520149,
      "recall": 0.9967955137192069,
      "f1-score": 0.9966257920381338,
      "support": 4993.0
    }
  },
  "confusion_matrix": [
    [
      4929,
      2
    ],
    [
      14,
      48
    ]
  ]
}