{
  "roc_auc": 0.6696840058337384,
  "average_precision": 0.05898956983345115,
  "classification_report": {
    "0": {
      "precision": 0.997865072587532,
      "recall": 0.9997860962566845,
      "f1-score": 0.998824660754354,
      "support": 4675.0
    },
    "1": {
      "precision": 0.5,
      "recall": 0.09090909090909091,
      "f1-score": 0.15384615384615385,
      "support": 11.0
    },
    "accuracy": 0.9976525821596244,
    "macro avg": {
      "precision": 0.748932536293766,
      "recall": 0.5453475935828876,
      "f1-score": 0.576335407300254,
      "support": 4686.0
    },
    "weighted avg": {
      "precision": 0.9966963752340401,
      "recall": 0.9976525821596244,
      "f1-score": 0.9968411431325038,
      "support": 4686.0
    }
  },
  "confusion_matrix": [
    [
      4674,
      1
    ],
    [
      10,
      1
    ]
  ]
}