{
  "roc_auc": 0.9946808510638298,
  "average_precision": 0.8467369933454326,
  "classification_report": {
    "0": {
      "precision": 0.9989775051124744,
      "recall": 0.9898682877406282,
      "f1-score": 0.9944020356234097,
      "support": 987.0
    },
    "1": {
      "precision": 0.5238095238095238,
      "recall": 0.9166666666666666,
      "f1-score": 0.6666666666666666,
      "support": 12.0
    },
    "accuracy": 0.988988988988989,
    "macro avg": {
      "precision": 0.7613935144609991,
      "recall": 0.9532674772036474,
      "f1-score": 0.8305343511450382,
      "support": 999.0
    },
    "weighted avg": {
      "precision": 0.9932697816133399,
      "recall": 0.988988988988989,
      "f1-score": 0.9904652744347401,
      "support": 999.0
    }
  },
  "confusion_matrix": [
    [
      977,
      10
    ],
    [
      1,
      11
    ]
  ]
}