{
  "roc_auc": 0.784594585095719,
  "average_precision": 0.04519531794326666,
  "classification_report": {
    "0": {
      "precision": 0.997651980874317,
      "recall": 0.9998716412801643,
      "f1-score": 0.9987605778271648,
      "support": 23372.0
    },
    "1": {
      "precision": 0.25,
      "recall": 0.017857142857142856,
      "f1-score": 0.03333333333333333,
      "support": 56.0
    },
    "accuracy": 0.9975243298617039,
    "macro avg": {
      "precision": 0.6238259904371585,
      "recall": 0.5088643920686535,
      "f1-score": 0.516046955580249,
      "support": 23428.0
    },
    "weighted avg": {
      "precision": 0.995864866697735,
      "recall": 0.9975243298617039,
      "f1-score": 0.9964529149583046,
      "support": 23428.0
    }
  },
  "confusion_matrix": [
    [
      23369,
      3
    ],
    [
      55,
      1
    ]
  ]
}