{
  "roc_auc": 0.8860670879922218,
  "average_precision": 0.10930828663586296,
  "classification_report": {
    "0": {
      "precision": 0.9992119779353822,
      "recall": 0.8136898395721925,
      "f1-score": 0.8969582645602452,
      "support": 4675.0
    },
    "1": {
      "precision": 0.009101251422070534,
      "recall": 0.7272727272727273,
      "f1-score": 0.017977528089887642,
      "support": 11.0
    },
    "accuracy": 0.813486982501067,
    "macro avg": {
      "precision": 0.5041566146787264,
      "recall": 0.7704812834224599,
      "f1-score": 0.4574678963250664,
      "support": 4686.0
    },
    "weighted avg": {
      "precision": 0.9968877743520178,
      "recall": 0.813486982501067,
      "f1-score": 0.8948949294981083,
      "support": 4686.0
    }
  },
  "confusion_matrix": [
    [
      3804,
      871
    ],
    [
      3,
      8
    ]
  ]
}